,precision,recall,f1-score,support
0,0.847167325428195,0.9497784342688331,0.8955431754874652,677.0
1,0.9848282016956715,0.9500645716745587,0.9671340929009641,2323.0
accuracy,0.95,0.95,0.95,0.95
macro avg,0.9159977635619332,0.9499215029716959,0.9313386341942147,3000.0
weighted avg,0.9537627306179777,0.95,0.9509784092046512,3000.0
